Contact Form 7,https://wordpress.org/plugins/contact-form-7/,1362
Yoast SEO,https://wordpress.org/plugins/wordpress-seo/,22406
Akismet Anti-Spam,https://wordpress.org/plugins/akismet/,783
Jetpack by WordPress.com,https://wordpress.org/plugins/jetpack/,1311
Contact Form 7,https://wordpress.org/plugins/contact-form-7/,1362
Yoast SEO,https://wordpress.org/plugins/wordpress-seo/,22406
Akismet Anti-Spam,https://wordpress.org/plugins/akismet/,783
Jetpack by WordPress.com,https://wordpress.org/plugins/jetpack/,1311
Contact Form 7,https://wordpress.org/plugins/contact-form-7/,1362
Yoast SEO,https://wordpress.org/plugins/wordpress-seo/,22406
Akismet Anti-Spam,https://wordpress.org/plugins/akismet/,783
Jetpack by WordPress.com,https://wordpress.org/plugins/jetpack/,1311
